filename,harris_count,sift_count,count_difference,harris_percentage,sift_percentage,image_size,image_area,harris_density,sift_density
building_1.jpg,41,11083,11042,0.3685724559179636,99.63142753509247,1586x1187,1882582,2.1778599816634814e-05,0.005887127360189357
building_2.jpg,45,6624,6579,0.6747638325573904,99.32523615244784,1067x1600,1707200,2.6358950328022494e-05,0.003880037488284911
building_3.jpg,80,3687,3607,2.123705866173691,97.87629410727999,1200x1600,1920000,4.1666666666666665e-05,0.0019203125
roma_1.jpg,38,9859,9821,0.38395473371890926,99.61604525617702,1600x1200,1920000,1.9791666666666665e-05,0.005134895833333333
roma_2.jpg,88,30052,29964,0.29197080291002087,99.70802919377213,2304x1728,3981312,2.210326646090535e-05,0.007548265496399177
