{
  "scale": {
    "scales": [
      0.5,
      0.75,
      1.0,
      1.25,
      1.5,
      2.0
    ],
    "harris_counts": [
      11,
      24,
      41,
      65,
      95,
      186
    ],
    "sift_counts": [
      1768,
      4708,
      11083,
      18804,
      22220,
      21297
    ],
    "harris_repeatability": [
      0.3458980044345898,
      0.7057926829268293,
      1.0,
      0.7909943714821763,
      0.763157894736842,
      0.6586021505376344
    ],
    "sift_repeatability": [
      0.48810658103009663,
      0.5980431521911864,
      1.0,
      0.7070376597782818,
      0.6673843902481018,
      0.6720078676075404
    ],
    "harris_retention": [
      0.26829267638310544,
      0.585365839381321,
      0.9999999756097567,
      1.5853658149910779,
      2.317073114217729,
      4.536585255205238
    ],
    "sift_retention": [
      0.15952359468018373,
      0.424794730630263,
      0.9999999999097717,
      1.696652530750099,
      2.0048723268063817,
      1.9215916266424622
    ]
  },
  "rotation": {
    "angles": [
      15,
      30,
      45,
      60,
      90,
      120,
      150,
      180
    ],
    "harris_counts": [
      229,
      341,
      392,
      407,
      499,
      407,
      341,
      41
    ],
    "sift_counts": [
      10759,
      9914,
      9549,
      9346,
      8115,
      8985,
      8903,
      11045
    ],
    "harris_repeatability": [
      0.018745340291830864,
      0.0,
      0.013470632155301145,
      0.0,
      0.013197125959235544,
      0.04027086953916222,
      0.0,
      0.0
    ],
    "sift_repeatability": [
      0.35207558206191397,
      0.2724322432870353,
      0.22077889577123996,
      0.18532172829958277,
      0.22031651168028124,
      0.23182895630787292,
      0.12913842413308366,
      0.0666566608176904
    ]
  },
  "brightness": {
    "factors": [
      0.25,
      0.5,
      0.75,
      1.0,
      1.25,
      1.5,
      1.75,
      2.0
    ],
    "harris_counts": [
      44,
      42,
      41,
      41,
      42,
      42,
      42,
      42
    ],
    "sift_counts": [
      970,
      5558,
      9277,
      11042,
      11301,
      11189,
      11071,
      10494
    ],
    "harris_repeatability": [
      0.9187915742793791,
      0.9639953542392566,
      0.975609756097561,
      0.975609756097561,
      0.6506968641114983,
      0.42189314750290363,
      0.2772938443670151,
      0.16869918699186992
    ],
    "sift_repeatability": [
      0.5250753685174006,
      0.7268586870951192,
      0.8819605555272474,
      0.9533604623936923,
      0.8638108382884035,
      0.7953642986664207,
      0.738873386792603,
      0.6802800106568073
    ]
  },
  "blur": {
    "kernel_sizes": [
      3,
      5,
      7,
      9,
      11,
      13
    ],
    "harris_counts": [
      43,
      45,
      48,
      48,
      47,
      46
    ],
    "sift_counts": [
      9766,
      5658,
      2952,
      2142,
      1576,
      1255
    ],
    "harris_repeatability": [
      0.6670448099829835,
      0.6059620596205961,
      0.5548780487804879,
      0.4974593495934959,
      0.38816813700051894,
      0.34597030752916225
    ],
    "sift_repeatability": [
      0.6531444111250451,
      0.5787008336818557,
      0.5038895509297058,
      0.4636935017021636,
      0.44132654346461014,
      0.41643772289709696
    ]
  },
  "noise": {
    "noise_levels": [
      5,
      10,
      15,
      20,
      25,
      30,
      40,
      50
    ],
    "harris_counts": [
      36,
      38,
      39,
      39,
      40,
      40,
      39,
      39
    ],
    "sift_counts": [
      10984,
      10642,
      10312,
      10046,
      9762,
      9606,
      9516,
      9841
    ],
    "harris_repeatability": [
      0.8868563685636857,
      0.8366495507060334,
      0.8633520950594121,
      0.7254534083802376,
      0.765548780487805,
      0.6792682926829268,
      0.6632270168855534,
      0.5503439649781113
    ],
    "sift_repeatability": [
      0.8136083193429121,
      0.7160028421992211,
      0.6503699219381902,
      0.5923039320937278,
      0.5371025387531007,
      0.4904230564039074,
      0.4177900352709505,
      0.36444663233933483
    ]
  }
}