{
  "timestamp": "2025-12-11 23:20:50",
  "total_images": 5,
  "total_harris_keypoints": 3398,
  "total_sift_keypoints": 61308,
  "avg_harris_per_image": 679.6,
  "avg_sift_per_image": 12261.6,
  "std_harris": 316.9381643160066,
  "std_sift": 10357.24641495026,
  "harris_min": 425,
  "harris_max": 1209,
  "sift_min": 3686,
  "sift_max": 30055,
  "avg_harris_density": 0.00029702252706232,
  "avg_sift_density": 0.00487428258054206,
  "robustness_tests": 5,
  "harris_wins": 1,
  "sift_wins": 4,
  "avg_harris_repeatability": 0.4787581690162819,
  "avg_sift_repeatability": 0.5680871415461568
}