{
  "timestamp": "2025-12-08 13:32:09",
  "total_images": 5,
  "total_harris_keypoints": 292,
  "total_sift_keypoints": 61305,
  "avg_harris_per_image": 58.4,
  "avg_sift_per_image": 12261.0,
  "std_harris": 23.67065694060898,
  "std_sift": 10355.749779711752,
  "harris_min": 38,
  "harris_max": 88,
  "sift_min": 3687,
  "sift_max": 30052,
  "avg_harris_density": 2.6339829987779195e-05,
  "avg_sift_density": 0.004874127735641356,
  "robustness_tests": 5,
  "harris_wins": 3,
  "sift_wins": 2,
  "avg_harris_repeatability": 0.5293552504552524,
  "avg_sift_repeatability": 0.5503135710377995
}