{
  "timestamp": "2025-12-11 22:28:00",
  "total_images": 5,
  "total_harris_keypoints": 292,
  "total_sift_keypoints": 61308,
  "avg_harris_per_image": 58.4,
  "avg_sift_per_image": 12261.6,
  "std_harris": 23.67065694060898,
  "std_sift": 10357.24641495026,
  "harris_min": 38,
  "harris_max": 88,
  "sift_min": 3686,
  "sift_max": 30055,
  "avg_harris_density": 2.6339829987779195e-05,
  "avg_sift_density": 0.004874282580542082,
  "robustness_tests": 5,
  "harris_wins": 1,
  "sift_wins": 4,
  "avg_harris_repeatability": 0.48137689042110726,
  "avg_sift_repeatability": 0.5680714644223894
}