{
  "scale": {
    "scales": [
      0.5,
      0.75,
      1.0,
      1.25,
      1.5,
      2.0
    ],
    "harris_counts": [
      10,
      21,
      38,
      68,
      111,
      269
    ],
    "sift_counts": [
      3261,
      6226,
      9858,
      15989,
      19905,
      21112
    ],
    "harris_repeatability": [
      0.06315789473684211,
      0.6416040100250626,
      1.0,
      0.7809597523219814,
      0.7072072072072072,
      0.6003717472118959
    ],
    "sift_repeatability": [
      0.5937319131296424,
      0.6798142684911481,
      1.0,
      0.6971819938187622,
      0.6592354692091146,
      0.6710839198928691
    ],
    "harris_retention": [
      0.26315788781163457,
      0.5526315644044325,
      0.9999999736842113,
      1.789473637119115,
      2.9210525547091435,
      7.0789471821329695
    ],
    "sift_retention": [
      0.3307973219384462,
      0.6315682693617805,
      0.9999999998985595,
      1.62193142608826,
      2.019172245686836,
      2.1416108741994715
    ]
  },
  "rotation": {
    "angles": [
      15,
      30,
      45,
      60,
      90,
      120,
      150,
      180
    ],
    "harris_counts": [
      229,
      343,
      395,
      409,
      502,
      409,
      343,
      38
    ],
    "sift_counts": [
      10708,
      10384,
      10271,
      9591,
      7674,
      9240,
      10494,
      9858
    ],
    "harris_repeatability": [
      0.10957251206619167,
      0.08769372410618383,
      0.07211858760826116,
      0.0,
      0.0,
      0.014380388624372667,
      0.0,
      0.0
    ],
    "sift_repeatability": [
      0.39552204433323,
      0.3643897817420312,
      0.3117833601270057,
      0.2769790042691296,
      0.25542662809550026,
      0.26298167748259044,
      0.2476053904842706,
      0.24700750659362952
    ]
  },
  "brightness": {
    "factors": [
      0.25,
      0.5,
      0.75,
      1.0,
      1.25,
      1.5,
      1.75,
      2.0
    ],
    "harris_counts": [
      65,
      41,
      38,
      38,
      44,
      44,
      44,
      44
    ],
    "sift_counts": [
      1078,
      5582,
      8245,
      9907,
      9185,
      8498,
      8199,
      8176
    ],
    "harris_repeatability": [
      0.8,
      0.9634146341463414,
      0.9736842105263158,
      0.9473684210526315,
      0.5149521531100478,
      0.3187799043062201,
      0.24521531100478466,
      0.17165071770334928
    ],
    "sift_repeatability": [
      0.5365439707670818,
      0.7584996088127512,
      0.8834706009076614,
      0.9620076981703837,
      0.7298995325345546,
      0.565522118006022,
      0.46163036152516856,
      0.3898298723478085
    ]
  },
  "blur": {
    "kernel_sizes": [
      3,
      5,
      7,
      9,
      11,
      13
    ],
    "harris_counts": [
      40,
      43,
      46,
      48,
      55,
      64
    ],
    "sift_counts": [
      10386,
      7648,
      4933,
      3780,
      3009,
      2456
    ],
    "harris_repeatability": [
      0.7572368421052631,
      0.5336597307221542,
      0.33638443935926776,
      0.2593201754385965,
      0.17799043062200956,
      0.12582236842105263
    ],
    "sift_repeatability": [
      0.6857812772683487,
      0.6337300599474887,
      0.5863253949031858,
      0.5520636691817459,
      0.516254341054742,
      0.481511775022915
    ]
  },
  "noise": {
    "noise_levels": [
      5,
      10,
      15,
      20,
      25,
      30,
      40,
      50
    ],
    "harris_counts": [
      39,
      40,
      40,
      40,
      41,
      41,
      41,
      40
    ],
    "sift_counts": [
      10044,
      10671,
      10960,
      10895,
      11205,
      11179,
      11609,
      11646
    ],
    "harris_repeatability": [
      0.9612010796221322,
      0.8848684210526316,
      0.8467105263157895,
      0.7440789473684211,
      0.735237483953787,
      0.6084724005134787,
      0.6338254172015405,
      0.5388157894736842
    ],
    "sift_repeatability": [
      0.8264560462267907,
      0.7333411217471965,
      0.6595935366140806,
      0.6007146128535996,
      0.5550657217359327,
      0.5152101835508718,
      0.4462024893377423,
      0.39551735102128743
    ]
  }
}